{
  "total_runs": 6,
  "profiles": {
    "conservative": {
      "avg_navigation_reduction_ratio": 0.021129653128893658,
      "avg_total_reduction_ratio": 0.00558971947871153,
      "verdict": "FAIL"
    },
    "default": {
      "avg_navigation_reduction_ratio": 0.025435847129497015,
      "avg_total_reduction_ratio": 0.00658914427092968,
      "verdict": "FAIL"
    },
    "aggressive": {
      "avg_navigation_reduction_ratio": 0.02779061286044585,
      "avg_total_reduction_ratio": 0.007105610146202283,
      "verdict": "FAIL"
    }
  }
}
